Date,Open,High,Low,Close,Adj Close,Volume
28/10/2021,312.98999,325.519989,308.109985,316.920013,316.584106,50806800
29/10/2021,320.190002,326,319.600006,323.570007,323.227051,37059400
01/11/2021,326.040009,333.450012,326,329.980011,329.63028,31518900
02/11/2021,331.380005,334.790009,323.799988,328.079987,327.732269,28353000
03/11/2021,327.48999,332.149994,323.200012,331.619995,331.268524,20786500
04/11/2021,334.01001,337.269989,332.649994,335.850006,335.494049,22495300
05/11/2021,340.309998,346.790009,339.640015,341.130005,340.768433,26872800
08/11/2021,344.420013,344.790009,338.339996,338.619995,338.261108,18342500
09/11/2021,340,341.309998,334.470001,335.369995,335.014526,17556700
10/11/2021,332.48999,333.190002,325.51001,327.640015,327.292755,21872600
11/11/2021,329.820007,332.459991,327,327.73999,327.392609,12376600
12/11/2021,330.179993,341.859985,329.779999,340.890015,340.528717,25414300
15/11/2021,344.339996,353.649994,343.200012,347.559998,347.19162,25076600
16/11/2021,343.829987,346.649994,340.869995,342.959991,342.596497,18181100
17/11/2021,344.23999,347.299988,340.100006,340.769989,340.408813,13602800
18/11/2021,339.720001,342.459991,335.299988,338.690002,338.331024,17487200
19/11/2021,342.200012,352.100006,339.899994,345.299988,344.934021,26488500
22/11/2021,349.049988,353.829987,340.51001,341.01001,340.64859,27116800
23/11/2021,338.929993,341.399994,333.5,337.25,336.892548,17225000
24/11/2021,336,341.779999,332.809998,341.059998,340.698517,13566200
26/11/2021,335.799988,337.75,331.899994,333.119995,332.766937,14750700
29/11/2021,336.890015,340.670013,335.309998,338.029999,337.671722,16650900
30/11/2021,335,335.809998,323.429993,324.459991,324.116089,25390000
01/12/2021,330.290009,330.5,310.290009,310.600006,310.270813,30329600
02/12/2021,311.399994,314.600006,307.200012,310.390015,310.061035,24396200
03/12/2021,313.730011,313.75,299.5,306.839996,306.514771,27471000
06/12/2021,308.130005,320.100006,306.339996,317.869995,317.533081,21758300
07/12/2021,321.570007,326.540009,321,322.809998,322.467865,18794000
08/12/2021,325,332.75,323.070007,330.559998,330.209625,19937700
09/12/2021,329.540009,336.130005,328,329.820007,329.470428,16879200
10/12/2021,332.559998,335.029999,326.369995,329.75,329.400513,14528000
13/12/2021,330.950012,341.089996,329.589996,334.48999,334.135468,22948700
14/12/2021,328.049988,335.700012,327.649994,333.73999,333.386261,20461000
15/12/2021,332.48999,342.109985,323.980011,341.660004,341.297882,24681300
16/12/2021,338.980011,344.459991,333.73999,334.899994,334.545044,22635000
17/12/2021,332.799988,337.109985,330.75,333.790009,333.436218,40012600
20/12/2021,329.779999,329.899994,322.529999,325.450012,325.105072,17901800
21/12/2021,326.410004,336,323.75,334.200012,333.845795,16116800
22/12/2021,333.799988,334.51001,328.26001,330.450012,330.099762,16764600
23/12/2021,330.100006,336.670013,328.359985,335.23999,334.884674,13987700
27/12/2021,338.850006,347.869995,338.01001,346.179993,345.81308,17795000
28/12/2021,346.630005,352.709991,345.200012,346.220001,345.853058,16637600
29/12/2021,346.910004,349.690002,341.640015,342.940002,342.576538,10747000
30/12/2021,344,347.230011,343.220001,344.359985,343.994995,10593300
31/12/2021,343.019989,343.440002,336.269989,336.350006,335.9935,12870500
03/01/2022,338.299988,341.079987,337.190002,338.540009,338.181183,14537900
04/01/2022,339.950012,343.089996,331.869995,336.529999,336.173309,15998000
05/01/2022,333.019989,335.76001,323.839996,324.170013,323.826416,20564500
06/01/2022,322.820007,339.170013,322.720001,332.459991,332.107635,27962800
07/01/2022,332.73999,337,328.880005,331.790009,331.438354,14722000
10/01/2022,325.309998,328.339996,315.429993,328.070007,327.72229,24942400
11/01/2022,326.779999,334.630005,325.279999,334.369995,334.015594,16226800
12/01/2022,335.179993,336.369995,330.029999,333.26001,332.906799,14104900
13/01/2022,334.980011,335.630005,325.76001,326.480011,326.133972,14797100
14/01/2022,321.790009,332.730011,321.209991,331.899994,331.548218,16868500
18/01/2022,323.290009,324.209991,317.640015,318.149994,317.812805,22645600
19/01/2022,319.579987,327.100006,319.329987,319.589996,319.251251,20814700
20/01/2022,323.899994,327.820007,315.980011,316.559998,316.224487,16925000
21/01/2022,314.809998,318.309998,303.040009,303.170013,302.848694,28710700
24/01/2022,297.839996,309.529999,289.01001,308.709991,308.382782,38878100
25/01/2022,299.950012,306.230011,297.579987,300.149994,299.831879,25108500
26/01/2022,307.01001,307.51001,290.850006,294.630005,294.317719,28348800
27/01/2022,297.75,301.709991,294.26001,294.640015,294.327728,21629900
28/01/2022,295.619995,301.899994,293.029999,301.709991,301.390198,21871600
31/01/2022,300.679993,313.790009,299.320007,313.26001,312.927979,21579500
01/02/2022,314.559998,319.660004,312.119995,319,318.661896,18023800
02/02/2022,327.820007,328,316.869995,323,322.657654,58458300
03/02/2022,244.649994,248,235.75,237.759995,237.507996,188119900
04/02/2022,234.970001,242.610001,230.110001,237.089996,236.838715,89342200
07/02/2022,237.699997,238.300003,224.009995,224.910004,224.671631,88613800
08/02/2022,220.850006,225.770004,216.149994,220.179993,219.946625,94729700
09/02/2022,224.199997,233.369995,222.210007,232,231.754105,86563300
10/02/2022,228.270004,235,226.699997,228.070007,227.828278,49310400
11/02/2022,228.460007,230.419998,218.770004,219.550003,219.317307,46156900
14/02/2022,219.309998,221,214.779999,217.699997,217.469254,38184000
15/02/2022,220.470001,221.149994,215.059998,221,220.765762,42685500
16/02/2022,212.410004,217.460007,212.360001,216.539993,216.310486,45817500
17/02/2022,214.020004,217.5,207.160004,207.710007,207.489853,38747500
18/02/2022,209.389999,210.75,205.179993,206.160004,205.941498,37128400
22/02/2022,202.339996,207.479996,200.059998,202.080002,201.865814,39852400
23/02/2022,204.160004,206.940002,198.050003,198.449997,198.239655,44481400
24/02/2022,191.059998,208.350006,190.220001,207.600006,207.379974,49957200
25/02/2022,204.940002,211.320007,203.179993,210.479996,210.256912,37627600
28/02/2022,207.679993,213.149994,206.830002,211.029999,210.806335,34239800
01/03/2022,209.869995,211.75,202.220001,203.490005,203.274323,27094900
02/03/2022,204.779999,209.149994,202.020004,208.110001,207.88942,29452100
03/03/2022,209.020004,209.080002,201.419998,202.970001,202.754883,27263500
04/03/2022,202.369995,205.889999,198.789993,200.059998,199.847961,32130900
07/03/2022,200.789993,200.889999,187.279999,187.470001,187.271301,38560600
08/03/2022,187.850006,196.699997,186.110001,190.289993,190.088303,37508100
09/03/2022,195.740005,199.100006,193.919998,198.5,198.289612,31894700
10/03/2022,194.839996,196.279999,191.070007,195.210007,195.003113,24853000
11/03/2022,192.639999,193.559998,186.669998,187.610001,187.411148,34694500
14/03/2022,187.029999,192.289993,185.820007,186.630005,186.432205,31010500
15/03/2022,190.800003,192.279999,185.910004,192.029999,191.826462,31721700
16/03/2022,194.699997,203.729996,194.520004,203.630005,203.414185,40640300
17/03/2022,201.699997,208.039993,201.110001,207.839996,207.619705,29499700
18/03/2022,206.699997,216.800003,206,216.490005,216.260544,52128000
21/03/2022,214.5,214.710007,207.630005,211.490005,211.265854,30142300
22/03/2022,211.369995,219.460007,210.179993,216.649994,216.420364,31998800
23/03/2022,213.330002,216.800003,212.160004,213.460007,213.233765,23717300
24/03/2022,215,220.669998,214.789993,219.570007,219.33728,31502300
25/03/2022,220.509995,225.5,218.889999,221.820007,221.5849,40039000
28/03/2022,222.130005,224.039993,219.539993,223.589996,223.353012,26224100
29/03/2022,226.070007,230.889999,225.289993,229.860001,229.616379,31417900
30/03/2022,228.910004,231.149994,226.710007,227.850006,227.608505,25588000
31/03/2022,228.449997,228.490005,222.259995,222.360001,222.124329,24192300
01/04/2022,224.550003,227.279999,222.699997,224.850006,224.611694,19544800
04/04/2022,225.979996,234.350006,225.860001,233.889999,233.642105,28054800
05/04/2022,234.080002,236.860001,231.020004,231.839996,231.594269,29727200
06/04/2022,226.910004,228.990005,221.410004,223.300003,223.063324,28995100
07/04/2022,223.929993,225.520004,218.559998,222.949997,222.713699,21037200
08/04/2022,222.380005,225.130005,220.029999,222.330002,222.09436,18375700
11/04/2022,218.419998,220.610001,215.220001,216.460007,216.230576,20516600
12/04/2022,220.240005,222.029999,213.130005,214.139999,213.91304,20128800
13/04/2022,211.820007,216.610001,211.330002,214.990005,214.762146,19231800
14/04/2022,214.889999,214.990005,210,210.179993,209.95723,18379500
18/04/2022,210,213.380005,208.300003,210.770004,210.546616,16580800
19/04/2022,210.520004,218.429993,209,217.309998,217.079666,20089900
20/04/2022,213.610001,214.160004,198.919998,200.419998,200.207581,43036500
21/04/2022,201.600006,202.970001,185.580002,188.070007,187.870667,49954100
22/04/2022,190.369995,192.720001,183.270004,184.110001,183.914871,36426800
25/04/2022,182.729996,187.179993,181.660004,186.990005,186.791809,29281100
26/04/2022,186.630005,187.190002,179.5,180.949997,180.758209,31747400
27/04/2022,174.429993,181.210007,169,174.949997,174.764572,71062900
28/04/2022,202.919998,208.529999,192.899994,205.729996,205.511948,100890600
29/04/2022,204.460007,212.479996,199.899994,200.470001,200.257523,49193400
02/05/2022,201.169998,211.880005,200.990005,211.130005,210.906235,49915300
03/05/2022,210.449997,214.899994,208.089996,212.029999,211.805267,41556300
04/05/2022,210.649994,224.300003,206.960007,223.410004,223.173218,41375900
05/05/2022,218.740005,220.169998,206.160004,208.279999,208.05925,41129200
06/05/2022,207.339996,209.380005,201.020004,203.770004,203.554031,34747200
09/05/2022,199.839996,202.570007,195.580002,196.210007,196.002045,36303200
10/05/2022,199.509995,202.960007,194.190002,197.649994,197.440506,34452500
11/05/2022,196.330002,200.669998,188.270004,188.740005,188.539963,31153400
12/05/2022,187.059998,198.050003,184.779999,191.240005,191.037308,38262200
13/05/2022,192.580002,199.889999,191.279999,198.619995,198.409485,24549800
16/05/2022,197.050003,205.369995,195.929993,200.039993,199.827972,27112600
17/05/2022,202.119995,205.460007,198.360001,202.619995,202.405243,24872700
18/05/2022,200,201,191.630005,192.240005,192.036255,23960000
19/05/2022,191.199997,195.289993,189.600006,191.289993,191.08725,24446900
20/05/2022,194.970001,197.910004,187.869995,193.539993,193.334869,31465600
23/05/2022,195.190002,196.990005,191.240005,196.229996,196.022018,25059200
24/05/2022,180.550003,183.679993,176.110001,181.279999,181.08786,50406300
25/05/2022,180.399994,185.449997,179.320007,183.830002,183.635162,28030200
26/05/2022,182.880005,192.830002,182.259995,191.630005,191.426895,23056500
27/05/2022,191.360001,195.330002,189.800003,195.130005,194.923187,22562700
31/05/2022,194.889999,197.600006,192.009995,193.639999,193.434769,26131100
01/06/2022,196.509995,199.529999,185,188.639999,188.440063,36623500
02/06/2022,188.449997,200.940002,187.729996,198.860001,198.649231,31951600
03/06/2022,195.979996,196.610001,189.779999,190.779999,190.577789,19465000
06/06/2022,193.990005,196.919998,188.399994,194.25,194.044113,30574200
07/06/2022,191.929993,196.529999,191.490005,195.649994,195.442627,18828700
08/06/2022,194.669998,202.029999,194.410004,196.639999,196.43158,22267200
09/06/2022,194.279999,199.449997,183.679993,184,183.804977,23501600
10/06/2022,183.039993,183.100006,175.020004,175.570007,175.383926,27450800
13/06/2022,170.589996,172.580002,164.029999,164.259995,164.085892,31749300
14/06/2022,166.029999,166.75,161.360001,163.729996,163.556458,27244300
15/06/2022,167.199997,172.160004,163.979996,169.350006,169.170517,30008300
16/06/2022,163.720001,165.080002,159.610001,160.869995,160.699493,26944100
17/06/2022,161.679993,165.899994,159.899994,163.740005,163.566452,31374200
21/06/2022,165.929993,167.759995,155.970001,157.050003,156.883545,50724900
22/06/2022,158.380005,160.789993,155.440002,155.850006,155.68483,47267800
23/06/2022,156.270004,159.75,154.25,158.75,158.581741,40499200
24/06/2022,161.729996,170.25,161.300003,170.160004,169.97966,68736000
27/06/2022,171.320007,171.75,168.009995,169.490005,169.310364,29174600
28/06/2022,169.899994,171.300003,160.610001,160.679993,160.509689,27744500
29/06/2022,163.570007,166.330002,160.320007,163.940002,163.766251,28595200
30/06/2022,162.149994,165.229996,158.490005,161.25,161.079086,35250600
01/07/2022,160.309998,160.619995,155,160.029999,159.860382,31423900
05/07/2022,158.139999,168.25,157.020004,168.190002,168.011734,28618600
06/07/2022,168.199997,171.589996,165.460007,169.770004,169.590073,23085900
07/07/2022,169.449997,172.720001,167.779999,172.190002,172.007507,24083400
08/07/2022,169.979996,172.399994,168.149994,170.880005,170.698898,19249200
11/07/2022,167.070007,167.490005,161.910004,162.880005,162.707367,21885600
12/07/2022,164.800003,165.910004,162.100006,163.270004,163.096954,16639700
13/07/2022,160.160004,164.979996,159.610001,163.490005,163.316727,16555100
14/07/2022,161.220001,162.589996,157.279999,158.050003,157.882492,23765200
15/07/2022,160.539993,164.979996,159.820007,164.699997,164.525436,23342800
18/07/2022,166.75,171.690002,165.639999,167.229996,167.05275,23574300
19/07/2022,170.369995,176.490005,169.509995,175.779999,175.593689,25933700
20/07/2022,177.490005,183.600006,176.699997,183.089996,182.895935,24784300
21/07/2022,180.630005,183.850006,178.869995,183.169998,182.975861,27195800
22/07/2022,173.070007,175.600006,168.410004,169.270004,169.090591,42583900
25/07/2022,169,170.570007,164.809998,166.649994,166.473358,26166300
26/07/2022,165.940002,166,157.949997,159.149994,158.981308,28468400
27/07/2022,162.589996,170.869995,162.020004,169.580002,169.400269,43846600
28/07/2022,161.059998,161.509995,154.850006,160.720001,160.549652,73214300
29/07/2022,157.690002,160.139999,155.169998,159.100006,158.931381,42065400
01/08/2022,157.25,165.190002,155.229996,159.929993,159.760483,40596700
02/08/2022,158.309998,162.240005,158.009995,160.190002,160.020218,27374500
03/08/2022,162.690002,169.539993,161.570007,168.800003,168.621094,31721900
04/08/2022,168.300003,172.149994,166.800003,170.570007,170.389221,23938200
05/08/2022,166.990005,171.610001,165.800003,167.110001,166.932877,25832700
08/08/2022,168,177.509995,167.130005,170.25,170.06955,27299100
09/08/2022,168.949997,169.529999,166.600006,168.529999,168.351379,18655100
10/08/2022,175.990005,180.479996,173.949997,178.339996,178.15097,30262100
11/08/2022,179.710007,183.100006,176.369995,177.490005,177.30188,24079100
12/08/2022,180.809998,181.460007,178.910004,180.5,180.308685,21274000
15/08/2022,178.960007,181.440002,178.199997,180.889999,180.698273,15878700
16/08/2022,179.440002,180.990005,177.039993,179.470001,179.279785,21156700
17/08/2022,176.759995,178.139999,174.169998,174.850006,174.664688,20118100
18/08/2022,174.339996,175.759995,171.860001,174.660004,174.474884,18844500
19/08/2022,170.199997,172.320007,167.050003,167.960007,167.781982,26240800
22/08/2022,165.490005,165.490005,162.259995,163.050003,162.877182,19499700
23/08/2022,162.479996,165.050003,160.699997,161.110001,160.93924,18111800
24/08/2022,160.600006,165.460007,159.770004,163.259995,163.08696,20891500
25/08/2022,165.179993,168.880005,164.020004,168.779999,168.601105,15550500
26/08/2022,168.479996,170.919998,161.669998,161.779999,161.608536,24023600
29/08/2022,160.660004,163.050003,159.009995,159.169998,159.001297,20052700
30/08/2022,160.350006,161.660004,155.910004,157.160004,156.993439,19567900
31/08/2022,167.070007,167.839996,162.139999,162.929993,162.757309,40953000
01/09/2022,163.580002,167.360001,160.350006,165.360001,165.184738,30145700
02/09/2022,167.449997,167.929993,159.220001,160.320007,160.150085,22634200
06/09/2022,160.100006,161.690002,157.690002,158.539993,158.371964,19339800
07/09/2022,157.759995,160.960007,156.809998,160.389999,160.220001,16831200
08/09/2022,158.710007,162.229996,157.740005,162.059998,161.888229,22530800
09/09/2022,163.25,169.539993,163.020004,169.149994,168.970718,22086800
12/09/2022,167.389999,171.389999,167.279999,168.960007,168.78093,23220400
13/09/2022,161.539993,161.630005,152.669998,153.130005,152.967697,44444100
14/09/2022,153.330002,153.539993,149.050003,151.470001,151.309464,43064200
15/09/2022,149.800003,154.199997,148.699997,149.550003,149.391495,34606300
16/09/2022,148.050003,148.580002,144.289993,146.289993,146.134949,40122800
19/09/2022,145.240005,148.580002,145.100006,148.020004,147.863113,22169500
20/09/2022,145.779999,148.839996,145.220001,146.089996,145.93515,23217400
21/09/2022,146.389999,149.600006,142,142.119995,141.96936,38338600
22/09/2022,141.550003,144.580002,140.869995,142.820007,142.66864,34418500
23/09/2022,141.419998,142.619995,138.889999,140.410004,140.261185,31710700
26/09/2022,140.119995,142.240005,136.190002,136.369995,136.225464,30497000
27/09/2022,137.919998,139.419998,134.119995,134.399994,134.257538,30826500
28/09/2022,134.619995,142.029999,134.270004,141.610001,141.459915,32658500
29/09/2022,139.360001,139.839996,135.199997,136.410004,136.265427,38985400
30/09/2022,136.050003,140.990005,135.5,135.679993,135.536194,33166400
03/10/2022,137.139999,139.619995,136.100006,138.610001,138.463089,27723100
04/10/2022,140.490005,142.389999,139.339996,140.279999,140.131317,34670700
05/10/2022,138.240005,140.210007,134.779999,138.979996,138.832687,27979300
06/10/2022,137.720001,141.449997,136.600006,139.070007,138.922607,36231100
07/10/2022,136.759995,138.289993,132.440002,133.449997,133.308548,33214800
10/10/2022,133.550003,136.110001,131.869995,133.789993,133.648193,24024000
11/10/2022,131.619995,132.660004,126.989998,128.539993,128.403748,38481400
12/10/2022,128.320007,129.669998,126.25,127.5,127.364861,34605200
13/10/2022,123.529999,131.139999,122.529999,130.289993,130.151901,34325700
14/10/2022,131,131.789993,126.519997,126.760002,126.625648,23559400
17/10/2022,130.300003,134.789993,130.179993,134.039993,133.897919,29612200
18/10/2022,137.089996,137.839996,131.399994,132.800003,132.659256,25445000
19/10/2022,132.889999,137,132.220001,133.229996,133.088791,30691000
20/10/2022,132.929993,136.770004,131.309998,131.529999,131.390594,26356300
21/10/2022,126.309998,130.119995,125.440002,130.009995,129.872192,46348600
24/10/2022,127.25,133.479996,124.57,129.720001,129.58252,63563400
25/10/2022,130.880005,138.350006,130.589996,137.509995,137.364243,38433200
26/10/2022,131.679993,135.550003,128.529999,129.820007,129.682419,82791500
27/10/2022,97.980003,102.5,96.379997,97.940002,97.836197,232316600
28/10/2022,99.580002,100.849998,97.510002,99.199997,99.094856,95928300
31/10/2022,98.220001,99.32,92.599998,93.160004,93.061264,121361400
01/11/2022,94.330002,97.489998,93.550003,95.199997,95.099098,110189600
02/11/2022,94.209999,95.199997,90.480003,90.540001,90.444038,71821100
03/11/2022,90.080002,90.459999,88.410004,88.910004,88.815765,60664000
04/11/2022,90.349998,91.389999,88.089996,90.790001,90.693771,55638100
07/11/2022,94.779999,96.879997,93.099998,96.720001,96.617485,81987300
08/11/2022,95.919998,97.800003,94.790001,96.470001,96.367752,52088300
09/11/2022,101.720001,104.900002,100.739998,101.470001,101.362457,107677300
10/11/2022,107.120003,112.75,104.610001,111.870003,111.751434,80671000
11/11/2022,109.230003,114.900002,108.809998,113.019997,112.900208,59961700
14/11/2022,110.989998,116.269997,110.800003,114.220001,114.098938,53395000
15/11/2022,116.07,118.739998,114.410004,117.080002,116.95591,50670500
16/11/2022,114.5,116.080002,112.660004,113.230003,113.109993,33287800
17/11/2022,110.410004,112.330002,109.800003,111.449997,111.331871,35093800
18/11/2022,113.800003,114.32,110.620003,112.050003,111.931244,33357700
21/11/2022,111.519997,112.370003,109.190002,109.860001,109.743561,24351100
22/11/2022,109.860001,111.620003,108.32,111.440002,111.321892,29029000
23/11/2022,111.720001,112.669998,110.730003,112.239998,112.121033,21343100
25/11/2022,111.300003,112.730003,111.019997,111.410004,111.291924,12007600
28/11/2022,110.779999,112.040001,108.379997,108.779999,108.664703,23309400
29/11/2022,109.540001,110.940002,108.540001,109.459999,109.343987,23899200
30/11/2022,109.510002,118.160004,109.379997,118.099998,117.974823,43348600
01/12/2022,119.199997,121.199997,118.400002,120.440002,120.312347,36551400
02/12/2022,117.830002,124.040001,117.610001,123.489998,123.359116,39950500
05/12/2022,121.75,124.669998,121.349998,122.43,122.30024,35474900
06/12/2022,119.910004,120.550003,113.739998,114.120003,113.999046,43689200
07/12/2022,113.760002,115.879997,112.879997,113.93,113.80925,29461100
08/12/2022,116.389999,117.339996,114.589996,115.330002,115.207764,30619400
09/12/2022,115.300003,117.540001,113.870003,115.900002,115.777161,26033400
12/12/2022,115.18,115.720001,113.139999,114.709999,114.588417,24747100
13/12/2022,122.129997,123.300003,118.639999,120.150002,120.022659,44701100
14/12/2022,119.389999,124.139999,119.389999,121.589996,121.461121,36922000
15/12/2022,118.330002,118.629997,114.010002,116.150002,116.026894,34531000
16/12/2022,120.230003,123.309998,118.82,119.43,119.303421,67064000
19/12/2022,116.830002,117.800003,114.330002,114.480003,114.358665,29769900
20/12/2022,113.260002,117.330002,112.459999,117.089996,116.965897,28742500
21/12/2022,116.699997,120.339996,115.620003,119.760002,119.633072,20392800
22/12/2022,117.199997,118.620003,114.379997,117.120003,116.995865,23618100
23/12/2022,116.029999,118.18,115.540001,118.040001,117.914894,17796600
27/12/2022,117.93,118.599998,116.050003,116.879997,116.756119,21392300
28/12/2022,116.25,118.150002,115.510002,115.620003,115.497459,19612500
29/12/2022,116.400002,121.029999,115.769997,120.260002,120.132538,22366200
30/12/2022,118.160004,120.419998,117.739998,120.339996,120.212448,19583800
03/01/2023,122.82,126.370003,122.279999,124.739998,124.607788,35528500
04/01/2023,127.379997,129.050003,125.849998,127.370003,127.235008,32397100
05/01/2023,126.129997,128.520004,124.540001,126.940002,126.805458,25447100
06/01/2023,128.970001,130.330002,126.040001,130.020004,129.882202,27584500
09/01/2023,131.160004,132.949997,129.279999,129.470001,129.332779,26649100
10/01/2023,127.269997,133.440002,127.150002,132.990005,132.849045,28684400
11/01/2023,130.960007,133.850006,130.339996,132.889999,132.749146,25423000
12/01/2023,133.440002,137.679993,131.759995,136.710007,136.565109,30757700
13/01/2023,134.970001,137.389999,134.839996,136.979996,136.834808,22423800
17/01/2023,136.179993,136.75,134.25,135.360001,135.216537,21147600
18/01/2023,135.809998,137.25,132.800003,133.020004,132.879013,20215500
19/01/2023,132.490005,137.449997,132.139999,136.149994,136.005692,28625200
20/01/2023,135.889999,139.940002,134.610001,139.369995,139.222275,28688600
23/01/2023,139.289993,143.759995,138.660004,143.270004,143.118149,27470100
24/01/2023,141.690002,145,141.360001,143.139999,142.988281,21970200
25/01/2023,141.220001,143.169998,140.309998,141.5,141.350021,26622000
26/01/2023,144.399994,147.509995,143.300003,147.300003,147.143875,25482100
27/01/2023,148.240005,153.190002,147.389999,151.740005,151.579178,35771900
30/01/2023,149.410004,151.119995,146.949997,147.059998,146.904129,28040100
31/01/2023,147.949997,149.880005,147.520004,148.970001,148.812103,29842100
01/02/2023,148.029999,153.580002,147.059998,153.119995,152.957703,55661000
02/02/2023,183.380005,197.160004,180.160004,188.770004,188.569931,150475700
03/02/2023,183.470001,196.770004,182.889999,186.529999,186.332291,76809700
06/02/2023,186.529999,190.699997,185.520004,186.059998,185.862793,42483800
07/02/2023,185.580002,193.779999,184.399994,191.619995,191.416901,47080700
08/02/2023,190,190.830002,182.919998,183.429993,183.23558,36139100
09/02/2023,186.130005,186.649994,177.270004,177.919998,177.73143,37118800
10/02/2023,176.350006,178.889999,173.350006,174.149994,173.965408,33433600
13/02/2023,178.220001,181,175.820007,179.429993,179.239822,31463200
14/02/2023,177.160004,181.509995,175.880005,179.479996,179.289764,24034600
15/02/2023,176.419998,178.190002,175.330002,177.160004,176.972229,25308900
16/02/2023,172.75,175.850006,171.789993,172.440002,172.257233,25827500
17/02/2023,170.220001,173.179993,169.699997,172.880005,172.696777,24171300
21/02/2023,174.309998,178.169998,171.880005,172.080002,171.897614,34592600
22/02/2023,171.070007,172.759995,169.690002,171.119995,170.938629,22433200
23/02/2023,172,173.690002,169.380005,172.039993,171.857651,20017800
24/02/2023,168.639999,170.720001,167.660004,170.389999,170.209412,19791300
27/02/2023,171.880005,173.119995,169.059998,169.539993,169.360306,19277000
28/02/2023,171.899994,177.550003,171.869995,174.940002,174.754593,46051100
01/03/2023,174.589996,177.850006,173.050003,173.419998,173.236191,30998400
02/03/2023,172.380005,175.009995,171.429993,174.529999,174.345016,17352000
03/03/2023,178.919998,186.619995,177.050003,185.25,185.05365,45877700
06/03/2023,188,189.660004,184.639999,184.899994,184.704025,33209400
07/03/2023,189,190.360001,184.009995,184.509995,184.314438,36701500
08/03/2023,182.869995,185.259995,181.339996,184.970001,184.773956,19432400
09/03/2023,186.350006,188.929993,180.300003,181.690002,181.497437,26582800
10/03/2023,181.009995,184.770004,178.800003,179.509995,179.319733,25665000
13/03/2023,177.960007,183.779999,174.820007,180.899994,180.708267,24728000
14/03/2023,187.580002,194.320007,186.559998,194.020004,193.814362,41642600
15/03/2023,192.949997,197.779999,190.839996,197.75,197.540405,42123600
16/03/2023,198.259995,205.759995,196.089996,204.929993,204.712784,50447100
17/03/2023,200.559998,201.899994,195.429993,195.610001,195.402679,50141100
20/03/2023,198.479996,199.360001,193.639999,197.809998,197.600342,25186300
21/03/2023,203.199997,203.550003,197.949997,202.160004,201.94574,31827000
22/03/2023,202.5,207.369995,199.669998,199.809998,199.598221,28477800
23/03/2023,202.839996,207.880005,202.149994,204.279999,204.063492,27389700
24/03/2023,205.179993,207.580002,203.550003,206.009995,205.791641,27716400
27/03/2023,204.809998,205.860001,201.360001,202.839996,202.625015,18527200
28/03/2023,200.149994,201.029999,197.899994,200.679993,200.4673,19127300
29/03/2023,203.559998,205.720001,202.539993,205.350006,205.132355,18851100
30/03/2023,203.380005,208.089996,202.820007,207.839996,207.619705,22608300
31/03/2023,207.240005,212.169998,206.770004,211.940002,211.715363,25440300
03/04/2023,208.839996,213.490005,208.199997,213.070007,212.844177,17924600
04/04/2023,213.389999,216.240005,212.539993,214.720001,214.492416,21026400
05/04/2023,214.149994,215.190002,209.940002,211.479996,211.255844,19396600
06/04/2023,209.25,216.940002,208.649994,216.100006,215.870956,26104400
10/04/2023,214.710007,215.660004,210.660004,214.75,214.522385,16106100
11/04/2023,215.479996,216.020004,213.410004,213.850006,213.623352,16710100
12/04/2023,214.839996,216.839996,212.580002,214,213.773178,18972200
13/04/2023,215.729996,221.149994,215.690002,220.350006,220.116455,23310400
14/04/2023,217.880005,222.110001,217.550003,221.490005,221.255249,21591200
17/04/2023,219.789993,220.979996,217.130005,218.860001,218.628036,15481900
18/04/2023,219.910004,220.440002,216.210007,217.889999,217.659058,12281000
19/04/2023,213.470001,217.330002,212.929993,215.699997,215.471375,15898100
20/04/2023,213.479996,216.75,212.770004,213.070007,212.844177,16475400
21/04/2023,210.210007,213.410004,209.580002,212.889999,212.664352,17717200
24/04/2023,213.679993,213.919998,210.710007,212.789993,212.564453,15750900
25/04/2023,210.820007,211.259995,207.130005,207.550003,207.330017,19198200
26/04/2023,212.5,214.110001,208.880005,209.399994,209.178055,41992700
27/04/2023,239.889999,241.690002,236.770004,238.559998,238.307144,71196500
28/04/2023,239.009995,240.429993,235.75,240.320007,240.065292,39554000
01/05/2023,238.619995,244,236.460007,243.179993,242.922241,29143900
02/05/2023,243.179993,244.919998,238.990005,239.240005,238.986435,24350100
03/05/2023,239.470001,241.75,232.75,237.029999,236.778778,34463900
04/05/2023,236.059998,238.199997,232.929993,233.520004,233.272491,17889400
05/05/2023,232.240005,234.679993,229.850006,232.779999,232.533279,26978900
08/05/2023,231.419998,235.619995,230.270004,233.270004,233.022766,16400500
09/05/2023,231.460007,235.880005,231.080002,233.369995,233.12265,16865600
10/05/2023,236.169998,236.75,230.720001,233.080002,232.832962,19119000
11/05/2023,233.050003,238.210007,232.300003,235.789993,235.540085,20449000
12/05/2023,236.740005,236.960007,231.449997,233.809998,233.56218,16155300
15/05/2023,236.919998,240.259995,235.330002,238.860001,238.606842,20653200
16/05/2023,235.789993,239.639999,235.520004,238.820007,238.566879,18163800
17/05/2023,238.449997,243.839996,238.139999,242.490005,242.232986,21193100
18/05/2023,241.300003,247.089996,241.190002,246.850006,246.588379,22943300
19/05/2023,247.470001,248.690002,243.410004,245.639999,245.379654,21599800
22/05/2023,245.410004,253.570007,245.119995,248.320007,248.056808,27738500
23/05/2023,246.809998,251.610001,246.649994,246.740005,246.478485,17748100
24/05/2023,245.279999,249.589996,244.949997,249.210007,248.945877,17724300
25/05/2023,253.399994,255.619995,249.169998,252.690002,252.42218,22371400
26/05/2023,252.929993,262.309998,252.710007,262.040009,261.762268,25727200
30/05/2023,265.25,268.649994,261.290009,262.519989,262.24176,23816500
31/05/2023,260,265,258.450012,264.720001,264.439423,25473700
01/06/2023,265.899994,274,265.890015,272.609985,272.321045,25609500
02/06/2023,272.660004,275.350006,271.119995,272.609985,272.321045,19405300
05/06/2023,270.299988,275.570007,269.559998,271.390015,271.102356,20742900
06/06/2023,270.140015,276.570007,269.690002,271.119995,270.832642,19419000
07/06/2023,271.670013,274.25,262.799988,263.600006,263.320618,26163600
08/06/2023,260.619995,267.649994,258.880005,264.579987,264.299561,20899400
09/06/2023,262.480011,267.950012,261.700012,264.950012,264.669189,16938500
12/06/2023,267.170013,271.75,265.329987,271.049988,270.762695,15442500
13/06/2023,274.880005,275.720001,269.089996,271.320007,271.03244,16164000
14/06/2023,271.890015,274.98999,268.320007,273.350006,273.060272,19175100
15/06/2023,272.299988,283.98999,271.420013,281.829987,281.531281,25973500
16/06/2023,284.75,287.850006,280.130005,281,280.702179,43102500
20/06/2023,278.730011,284.799988,276.220001,284.329987,284.028625,20701600
21/06/2023,283.529999,284,278.359985,281.640015,281.341522,20556200
22/06/2023,279.079987,285.26001,277.790009,284.880005,284.578064,17563100
23/06/2023,281.51001,289.670013,278.950012,288.730011,288.423981,50988400
26/06/2023,288.700012,289.790009,277.600006,278.470001,278.174866,24232700
27/06/2023,282.01001,289.350006,280.649994,287.049988,286.745758,26108300
28/06/2023,284.820007,289.549988,284.059998,285.290009,284.98764,16722100
29/06/2023,284.5,286.570007,280.690002,281.529999,281.231598,15395700
30/06/2023,284.76001,289.049988,284.420013,286.980011,286.675842,19676000
03/07/2023,286.700012,289.399994,284.850006,286.019989,285.716827,8629300
05/07/2023,287.649994,298.119995,286.359985,294.369995,294.057983,33865500
06/07/2023,295.890015,298.119995,291.309998,291.98999,291.680511,47600500
07/07/2023,292.179993,296.200012,288.660004,290.529999,290.222076,25546200
10/07/2023,295.549988,298.130005,287.049988,294.100006,293.7883,37058300
11/07/2023,293.899994,300.179993,291.899994,298.290009,297.973846,27585900
12/07/2023,301.75,309.450012,300.100006,309.339996,309.012115,36677100
13/07/2023,313.619995,316.23999,310.290009,313.410004,313.07782,30281000
14/07/2023,311.790009,314.880005,307.359985,308.869995,308.542633,22576000
17/07/2023,307.540009,311.709991,304.709991,310.619995,310.290771,25323100
18/07/2023,310.880005,314.200012,307.619995,312.049988,311.719238,20764600
19/07/2023,313.029999,318.679993,310.519989,316.01001,315.675079,21763700
20/07/2023,313.5,315.540009,302.220001,302.519989,302.199341,23836900
21/07/2023,304.570007,305.459991,291.200012,294.26001,293.94812,42089700
24/07/2023,295.779999,297.519989,288.299988,291.609985,291.300903,24915700
25/07/2023,295.190002,298.299988,291.859985,294.470001,294.157898,19585600
26/07/2023,301.190002,301.769989,291.899994,298.570007,298.253571,47256900
27/07/2023,325.119995,325.350006,309.839996,311.709991,311.379608,64229200
28/07/2023,316.880005,326.200012,314.25,325.480011,325.13504,39220300
31/07/2023,323.690002,325.660004,317.589996,318.600006,318.262329,25799600
01/08/2023,317.540009,324.140015,314.660004,322.709991,322.36795,22817900
02/08/2023,318,318.390015,310.649994,314.309998,313.976868,20461100
03/08/2023,309.929993,315.950012,309.929993,313.190002,312.858063,15180200
04/08/2023,314.959991,318.410004,310.200012,310.730011,310.400665,17600200
07/08/2023,313.230011,317.070007,310.459991,316.559998,316.224487,16236500
08/08/2023,314.399994,317.890015,310.109985,312.640015,312.308655,15183500
09/08/2023,312.880005,313.630005,302.850006,305.209991,304.886505,19955800
10/08/2023,307.940002,312.339996,303.869995,305.73999,305.415955,14358900
11/08/2023,302.570007,304.720001,300.359985,301.640015,301.320313,13967800
14/08/2023,300.980011,306.209991,298.25,306.190002,305.865479,15641900
15/08/2023,306.140015,307.230011,300.029999,301.950012,301.629974,11623600
16/08/2023,300.200012,301.079987,294.279999,294.290009,293.978088,18547700
17/08/2023,293.049988,296.049988,284.950012,285.089996,284.787842,23950100
18/08/2023,279.029999,285.690002,274.380005,283.25,282.949799,34061200
21/08/2023,283.450012,290.5,281.850006,289.899994,289.592743,20181500
22/08/2023,292.549988,292.899994,286.75,287.600006,287.295197,12999900
23/08/2023,288.5,297.399994,287.670013,294.23999,293.928131,18287000
24/08/2023,298.5,299.459991,286.640015,286.75,286.446075,18360900
25/08/2023,286.130005,288.390015,276.029999,285.5,285.197388,23701400
28/08/2023,288,291.450012,285.799988,290.26001,289.952362,14239300
29/08/2023,288.579987,299.149994,288.179993,297.98999,297.674164,20844500
30/08/2023,297.170013,298.290009,293.429993,295.100006,294.787231,17717000
31/08/2023,295.799988,301.100006,295.660004,295.890015,295.576416,17229900
01/09/2023,299.369995,301.73999,294.470001,296.380005,296.065887,12819800
05/09/2023,297.019989,301.390015,295.51001,300.149994,299.831879,14956000
06/09/2023,301.709991,303.299988,295.660004,299.170013,298.852936,15418100
07/09/2023,298,307.049988,292.220001,298.670013,298.353455,33748700
08/09/2023,299.220001,305.25,296.779999,297.890015,297.57428,17548000
11/09/2023,301.410004,309.040009,301.279999,307.559998,307.234009,19489300
12/09/2023,306.329987,308.660004,300.230011,301.660004,301.340271,13480400
13/09/2023,302.359985,307.179993,301.320007,305.059998,304.736664,13210900
14/09/2023,306.73999,312.869995,305.029999,311.720001,311.389618,19343100
15/09/2023,311.609985,312,298.75,300.309998,299.991699,28106400
18/09/2023,298.190002,303.600006,297.799988,302.549988,302.229309,14234200
19/09/2023,302.480011,306.170013,299.809998,305.070007,304.746674,15924400
20/09/2023,305.049988,308.059998,299.429993,299.670013,299.352386,19379500
21/09/2023,295.700012,300.26001,293.269989,295.730011,295.416565,21300500
22/09/2023,299.299988,305.380005,298.269989,299.079987,298.763,25369600
25/09/2023,295.640015,300.950012,293.700012,300.829987,300.511139,18987000
26/09/2023,297.660004,300.299988,296.01001,298.959991,298.643127,19417200
27/09/2023,300.450012,301.299988,286.790009,297.73999,297.424408,36429800
28/09/2023,298.940002,306.329987,296.700012,303.959991,303.637817,22167100
29/09/2023,307.380005,310.640015,299.359985,300.209991,299.891815,25356600
02/10/2023,302.73999,307.179993,301.630005,306.820007,306.494812,16265600
03/10/2023,304.26001,306.769989,299.640015,300.940002,300.621033,17362300
04/10/2023,298.730011,306.899994,298.5,305.579987,305.256104,16880500
05/10/2023,304.630005,306.209991,299.5,304.790009,304.46698,19130000
06/10/2023,301.440002,316.309998,300.910004,315.429993,315.095673,21784000
09/10/2023,312.5,320.329987,311.820007,318.359985,318.022552,22503700
10/10/2023,319.119995,324.660004,318.160004,321.839996,321.498871,19038000
11/10/2023,323.01001,328.839996,322.950012,327.820007,327.472565,22036300
12/10/2023,328,330.540009,322.690002,324.160004,323.816437,20530500
13/10/2023,323.529999,325.049988,312.369995,314.690002,314.356476,21341000
16/10/2023,318.640015,321.820007,315.519989,321.149994,320.809601,16536100
17/10/2023,318.179993,324.399994,317.299988,324,323.656586,16387800
18/10/2023,321.390015,325.940002,315.559998,316.970001,316.634033,16851000
19/10/2023,319.880005,321.890015,311.75,312.809998,312.478455,18709200
20/10/2023,314.140015,315.299988,306.470001,308.649994,308.322845,22287400
23/10/2023,309.5,317.359985,307.26001,314.01001,313.677185,17796800
24/10/2023,316.779999,318.350006,310.630005,312.549988,312.218719,19525500
25/10/2023,310,310.880005,298.839996,299.529999,299.212524,42192500
26/10/2023,295,295,279.399994,288.350006,288.044373,66684100
27/10/2023,294.480011,299.309998,292.970001,296.730011,296.415497,29596300
30/10/2023,299.089996,309.399994,299.049988,302.660004,302.339203,28435100
31/10/2023,303.309998,303.679993,296.859985,301.269989,300.950684,19434200
01/11/2023,301.850006,312.73999,301.850006,311.850006,311.51947,20434600
02/11/2023,317.299988,318.820007,308.329987,310.869995,310.540497,21631800
03/11/2023,312.549988,315.549988,311.019989,314.600006,314.266571,16754100
06/11/2023,315.980011,318.329987,314.450012,315.799988,315.465271,12887700
07/11/2023,317.059998,321,315.119995,318.820007,318.482086,14055600
08/11/2023,318.140015,321.329987,314.880005,319.779999,319.441071,13609700
09/11/2023,319.420013,324.179993,318.799988,320.549988,320.210236,16103100
10/11/2023,319.940002,329.100006,319.459991,328.769989,328.421539,19096200
13/11/2023,326.200012,332.329987,325.700012,329.190002,328.841095,16908900
14/11/2023,334.540009,338.100006,333.329987,336.309998,335.953552,17179400
15/11/2023,337.929993,338.399994,330.019989,332.709991,332.357361,14531200
16/11/2023,329.369995,334.579987,326.380005,334.190002,333.835785,18932600
17/11/2023,330.26001,335.5,329.350006,335.040009,334.684906,14494400
20/11/2023,334.890015,341.869995,334.190002,339.970001,339.60968,16960500
21/11/2023,338.329987,339.899994,335.899994,336.980011,336.622864,12027900
22/11/2023,339.209991,342.920013,338.579987,341.48999,341.128052,10702700
24/11/2023,340.130005,341.859985,336.769989,338.230011,337.871521,5467500
27/11/2023,336.179993,339.899994,334.200012,334.700012,334.345276,15684500
28/11/2023,333.399994,339.380005,333.399994,338.98999,338.630707,12637200
29/11/2023,339.690002,339.899994,330.779999,332.200012,331.847931,16024500
30/11/2023,331.890015,333.5,322.399994,327.149994,326.803253,23146400
01/12/2023,325.480011,326.859985,320.76001,324.820007,324.475739,15264700
04/12/2023,317.290009,320.859985,313.660004,320.019989,319.680817,19037100
05/12/2023,318.980011,321.880005,315.390015,318.290009,317.952667,16952100
06/12/2023,321.929993,322.25,317.040009,317.450012,317.113556,11294300
07/12/2023,317.769989,328.23999,317.769989,326.589996,326.243835,15905100
08/12/2023,323.089996,333.170013,323,332.75,332.397308,14077500
11/12/2023,329.399994,329.890015,320,325.279999,324.935242,25802500
12/12/2023,324.600006,334.470001,324.559998,334.220001,333.865753,18485500
13/12/2023,333.929993,338.369995,332.640015,334.73999,334.385193,16353300
14/12/2023,333.850006,334.700012,328.640015,333.170013,332.816895,19607300
15/12/2023,331.98999,338.660004,331.220001,334.920013,334.565033,30001600
18/12/2023,337.480011,347.559998,337.019989,344.619995,344.25473,18993900
19/12/2023,345.579987,353.600006,345.119995,350.359985,349.988647,17729400
20/12/2023,348.649994,354.959991,347.790009,349.279999,348.90979,16369900
21/12/2023,352.980011,356.410004,349.209991,354.089996,353.714691,15289600
22/12/2023,355.579987,357.200012,351.220001,353.390015,353.015472,11764200
26/12/2023,354.98999,356.980011,353.450012,354.829987,354.453918,9898600
27/12/2023,356.070007,359,355.309998,357.829987,357.450714,13207900
28/12/2023,359.700012,361.899994,357.809998,358.320007,357.940216,11798800
29/12/2023,358.98999,360,351.820007,353.959991,353.584839,14980500
02/01/2024,351.320007,353.160004,340.01001,346.290009,345.922974,19042200
03/01/2024,344.980011,347.950012,343.179993,344.470001,344.104889,15451100
04/01/2024,344.5,348.149994,343.399994,347.119995,346.752075,12099900
05/01/2024,346.98999,353.5,346.26001,351.950012,351.576996,13920700
08/01/2024,354.700012,358.980011,352.049988,358.660004,358.279877,13890200
09/01/2024,356.399994,360.640015,355.359985,357.429993,357.051147,13463900
10/01/2024,360.170013,372.940002,359.079987,370.470001,370.077332,22117200
11/01/2024,372.130005,372.779999,362.929993,369.670013,369.278198,17205400
12/01/2024,370.160004,377.059998,369.540009,374.48999,374.093079,19295700
16/01/2024,373.649994,375.609985,367.230011,367.459991,367.070526,15306900
17/01/2024,366.299988,368.540009,358.609985,368.369995,367.979553,12724800
18/01/2024,371.48999,376.850006,370.950012,376.130005,375.731354,16354300
19/01/2024,379,384.359985,377.970001,383.450012,383.04361,21470100
22/01/2024,387.950012,390.350006,381.160004,381.779999,381.375366,17680500
23/01/2024,384.619995,388.380005,382.079987,385.200012,384.791748,15506100
24/01/2024,390,396.149994,387.809998,390.700012,390.285919,15698500
25/01/2024,390.170013,395.48999,385.660004,393.179993,392.763275,15091100
26/01/2024,394.350006,396.790009,391.589996,394.140015,393.72226,13163700
29/01/2024,394.98999,402.929993,393.100006,401.019989,400.59494,18742400
30/01/2024,403.589996,406.359985,399.570007,400.059998,399.635986,18614700
31/01/2024,389,398,387.100006,390.140015,389.726501,20180800
01/02/2024,393.940002,400.5,393.049988,394.779999,394.361572,29727100
02/02/2024,459.600006,485.959991,453.01001,474.98999,474.486542,84615500
05/02/2024,469.880005,471.899994,459.220001,459.410004,458.923065,40832400
06/02/2024,464,467.119995,453,454.720001,454.238037,21655200
07/02/2024,458,471.519989,456.179993,469.589996,469.092285,23066000
08/02/2024,468.320007,470.589996,465.029999,470,469.501862,18815100
09/02/2024,472.950012,473.589996,467.470001,468.109985,467.613831,18413100
12/02/2024,468.190002,479.149994,466.579987,468.899994,468.403015,19382000
13/02/2024,456.869995,467.890015,455.089996,460.119995,459.632324,20916600
14/02/2024,467.929993,474.109985,466.089996,473.279999,472.778381,16858400
15/02/2024,475.279999,488.619995,472.220001,484.029999,483.516968,24212300
16/02/2024,478.109985,478.959991,469.209991,473.320007,472.818329,23306500
20/02/2024,469.720001,476.179993,466.559998,471.75,471.25,18015500
21/02/2024,466.5,469,461.790009,468.029999,468.029999,12977100
22/02/2024,480.23999,489.98999,476.059998,486.130005,486.130005,21625800
23/02/2024,488.049988,494.359985,482.350006,484.029999,484.029999,18374300
26/02/2024,483.470001,486.140015,480.600006,481.73999,481.73999,12101400
27/02/2024,479.980011,487.269989,479.920013,487.049988,487.049988,10809600
28/02/2024,485,491.049988,482.75,484.019989,484.019989,12715500
29/02/2024,488.440002,491.700012,482.609985,490.130005,490.130005,17732000
01/03/2024,492.109985,504.25,491.850006,502.299988,502.299988,16273600
04/03/2024,503,504.420013,496.420013,498.190002,498.190002,12324100
05/03/2024,495,495.579987,487.890015,490.220001,490.220001,15325300
06/03/2024,497.630005,502.970001,494.290009,496.089996,496.089996,11757900
07/03/2024,503.279999,519.849976,501.380005,512.190002,512.190002,18586400
08/03/2024,514.190002,523.570007,499.350006,505.950012,505.950012,18575200
11/03/2024,497.01001,497.320007,476,483.589996,483.589996,20428300
12/03/2024,493.26001,502.309998,484.730011,499.75,499.75,15448200
13/03/2024,495.390015,500.980011,491.029999,495.570007,495.570007,12090700
14/03/2024,500.26001,501.350006,488.160004,491.829987,491.829987,12620000
15/03/2024,489.01001,491.829987,481.299988,484.100006,484.100006,29141700
18/03/2024,491.910004,497.420013,486.809998,496.980011,496.980011,11755300
19/03/2024,488.170013,496.630005,481.279999,496.23999,496.23999,10903100
20/03/2024,499.5,508.200012,495.170013,505.519989,505.519989,11711100
21/03/2024,514.710022,515.039978,506.01001,507.76001,507.76001,9712500
22/03/2024,507,509.970001,504.339996,509.579987,509.579987,8117000
25/03/2024,505.790009,507.220001,500.23999,503.019989,503.019989,8380600
26/03/2024,505.130005,510,495.209991,495.890015,495.890015,11205400
27/03/2024,499.299988,499.890015,488.070007,493.859985,493.859985,9989700
28/03/2024,492.839996,492.890015,485.149994,485.579987,485.579987,15212800
01/04/2024,487.200012,497.429993,481.779999,491.350006,491.350006,9247000
02/04/2024,485.100006,497.529999,484.649994,497.369995,497.369995,11081000
03/04/2024,498.929993,507.23999,498.75,506.73999,506.73999,12099200
04/04/2024,516.419983,530,510.579987,510.920013,510.920013,26476300
05/04/2024,516.859985,530.700012,514.409973,527.340027,527.340027,19242000
08/04/2024,529.280029,531.48999,518.890015,519.25,519.25,13260600
09/04/2024,522.22998,525.869995,506.73999,516.900024,516.900024,10881400
10/04/2024,509.290009,522.559998,505.799988,519.830017,519.830017,11418500
11/04/2024,521.109985,523.859985,517.289978,523.159973,523.159973,10369500
12/04/2024,517.75,520.190002,509.329987,511.899994,511.899994,11944900
15/04/2024,516.719971,518.530029,497.279999,500.230011,500.230011,13512900
16/04/2024,498.109985,504.769989,497.109985,499.76001,499.76001,9847900
17/04/2024,503.100006,503.160004,487.140015,494.170013,494.170013,12193700
18/04/2024,499.820007,512.210022,499.040009,501.799988,501.799988,14808700
19/04/2024,502.799988,502.799988,475.730011,481.070007,481.070007,25111000
22/04/2024,489.720001,492.01001,473.399994,481.730011,481.730011,17271100
23/04/2024,491.25,498.76001,488.970001,496.100006,496.100006,15079200
24/04/2024,508.059998,510,484.579987,493.5,493.5,37772700
25/04/2024,421.399994,445.769989,414.5,441.380005,441.380005,82890700
26/04/2024,441.459991,446.440002,431.959991,443.290009,443.290009,32691400
29/04/2024,439.559998,439.76001,428.559998,432.619995,432.619995,21502600
30/04/2024,431.049988,439.619995,429.720001,430.170013,430.170013,18429500
01/05/2024,428.600006,449.959991,427.109985,439.190002,439.190002,20344900
02/05/2024,438.839996,443.959991,432.279999,441.679993,441.679993,15221300
03/05/2024,445.929993,454.170013,443.850006,451.959991,451.959991,16489100
06/05/2024,455.579987,466.160004,453.339996,465.679993,465.679993,15069800
